tier,weight,title,id,durationSeconds,file,sourceFilename,sha256,duplicateDownloadsRemoved
CORE,3,A Game,a-game,112.953,tracks/a-game.mp3,mixkit-a-game-777.mp3,c8e74e34aeea4e30fbda56e56af3245012ce3ebc937cca5852a18b23d21e33e8,
CORE,3,Basketball Training,basketball-training,112.353,tracks/basketball-training.mp3,mixkit-basketball-training-349.mp3,1e23a60fd33c8f15e1e3b5f1b49d05fbf855ddf89ddf1d20cc2d3bce8c7e8874,
CORE,3,Bopper From Memphis,bopper-from-memphis,111.491,tracks/bopper-from-memphis.mp3,mixkit-bopper-from-memphis-1131.mp3,46a42b1063ecf43edc89366465486015624de6d18246e0be4393cff99685eae7,
CORE,3,Carry On,carry-on,95.138,tracks/carry-on.mp3,mixkit-carry-on-1091.mp3,913512bbf3911d596e35c460dfa5daaff60b025075eaa576c88e25e565a310f3,
CORE,3,Dirty Thinkin',dirty-thinkin,89.182,tracks/dirty-thinkin.mp3,mixkit-dirty-thinkin-989.mp3,e36220dbbaf56e0380bb106e32779b1832fa8f4bd8d40edcaf15b07a17bb9a8f,
CORE,3,Epical Drums 01,epical-drums-01,105.979,tracks/epical-drums-01.mp3,mixkit-epical-drums-01-676.mp3,47182a9547cbbbbf7d833e60c06fcdc08c7b064d084f4802b1b68557cba5780b,
CORE,3,Epical Drums 02,epical-drums-02,123.037,tracks/epical-drums-02.mp3,mixkit-epical-drums-02-677.mp3,64e5f57f3ba59c82b8f52b6b63f577ff68bc1620d1a4c5e0c1fdcfe098b1101a,
CORE,3,Evolution,evolution,115.226,tracks/evolution.mp3,mixkit-evolution-1027.mp3,8ea1567fe492bd715f334b576de0418daec47d7a65613d62d2d54f1fe95d11ad,
CORE,3,G Eazy NBA Type,g-eazy-nba-type,104.359,tracks/g-eazy-nba-type.mp3,mixkit-g-eazy-nba-type-403.mp3,53f36075bca2aae5db288be815447fb36dc38227e45f248138bd1c75f1251830,mixkit-g-eazy-nba-type-403 (1).mp3
CORE,3,Games Music,games-music,118.335,tracks/games-music.mp3,mixkit-games-music-706.mp3,c1129accbe28650b96f19e065b229ac5769d77fd09a184a9f628e2c87571a9ab,mixkit-games-music-706 (1).mp3
CORE,3,I'm All Heart,im-all-heart,108.8,tracks/im-all-heart.mp3,mixkit-im-all-heart-1085.mp3,e9d4955b053d4291277216b994f7a265e71e38df5f67131448fbfde0aeff0b24,
CORE,3,Infected Vibes,infected-vibes,91.167,tracks/infected-vibes.mp3,mixkit-infected-vibes-157.mp3,5670c759faa0d48e94005fed7ecf4683973d35cd3cccee4f49fd1cea42cf9a46,
CORE,3,K.O.,ko,101.094,tracks/ko.mp3,mixkit-ko-1068.mp3,ddebd9fdaca9c2f9a273ce704b6bd823166590ca624fe452a5416dfceaa4da5f,
CORE,3,Karma,karma,135.262,tracks/karma.mp3,mixkit-karma-1183.mp3,56f331c37552486a1a31c65a443f1669ed37f7fb3bd99d9078d23ec55caa052f,
CORE,3,Lord Knows,lord-knows,102.975,tracks/lord-knows.mp3,mixkit-lord-knows-293.mp3,f87a61b7afda1792ce3d8f91ab2772fd1b9bfde42e4e252f0ad88c9b554442b2,mixkit-lord-knows-293 (1).mp3
CORE,3,Need For Speed,need-for-speed,97.829,tracks/need-for-speed.mp3,mixkit-need-for-speed-369.mp3,b48cec324ea9fa0dd1f003e7981fc6d6b6e312567ea2e5ff40b8dfc114e7835d,mixkit-need-for-speed-369 (1).mp3
CORE,3,No Warning,no-warning,113.502,tracks/no-warning.mp3,mixkit-no-warning-1150.mp3,57e5c58d150f44aab99453b720c2666f2cca75e0ef7d5f7d0b6c47473285315f,
CORE,3,Pick It Up,pick-it-up,124.865,tracks/pick-it-up.mp3,mixkit-pick-it-up-1116.mp3,b65fb0ee7eda8eb2c4785c23bdde4d0296ac57fc83b0e375a5e2c8ffb9e07261,
CORE,3,Rock The Game,rock-the-game,102.426,tracks/rock-the-game.mp3,mixkit-rock-the-game-49.mp3,6ee768f33c21b7d4abface5f49af9ef2d14c7652692120399892fa5a7ea1a46d,
CORE,3,Snapshots,snapshots,107.18,tracks/snapshots.mp3,mixkit-snapshots-90.mp3,0dca8f3ef520d659a0406dc3f6772106906050da7044971db2d886a49f5c15e8,
CORE,3,Sounds Good,sounds-good,96.026,tracks/sounds-good.mp3,mixkit-sounds-good-1077.mp3,de75bc9dcde30dc662258c6debaab219b0a17be323d0d8d0ea720b0e0189cc6c,
CORE,3,Sports Highlights,sports-highlights,96.392,tracks/sports-highlights.mp3,mixkit-sports-highlights-51.mp3,165df8e17e9d23645f9dcd2ef4a8252b8f3c32e74bd5e7bc8f868be9f3044223,
CORE,3,Sports Rock,sports-rock,101.799,tracks/sports-rock.mp3,mixkit-sports-rock-78.mp3,3e7b58e45334e4a5be57a0d3518deca3ec799a278f68c95acbae99663c7ee84a,
CORE,3,Techno Fest Vibes,techno-fest-vibes,133.8,tracks/techno-fest-vibes.mp3,mixkit-techno-fest-vibes-124.mp3,8b194d167ca8ae4eb45f8c20ea753eabc7d5175f64666ac22b5813facb2d9e40,
CORE,3,The Greatest Comeback,the-greatest-comeback,92.16,tracks/the-greatest-comeback.mp3,mixkit-the-greatest-comeback-1079.mp3,b833d1d3e648f3f29fa0b158776c1953b8682bbec53d198b496814e029995cd7,
CORE,3,Trap Electro Vibes,trap-electro-vibes,115.776,tracks/trap-electro-vibes.mp3,mixkit-trap-electro-vibes-126.mp3,7c82480484f0e689bf7a3ef98c4eeef7e7502ef8bc3684363f2433a9b1c2e916,
CORE,3,Try Me,try-me,109.923,tracks/try-me.mp3,mixkit-try-me-235.mp3,096f1b23933f473343f2c66842235059528dad96e0bb2bbced1b1adf8fb3bb4b,mixkit-try-me-235 (1).mp3
ROTATION,2,At The Chicken Ranch,at-the-chicken-ranch,98.116,tracks/at-the-chicken-ranch.mp3,mixkit-at-the-chicken-ranch-1130.mp3,64f3ad878cc2f9c9a2b3ae24f2bd4c0986a6de6f4f05244999de614ba519e55d,
ROTATION,2,B.O.R.N,born,217.652,tracks/born.mp3,mixkit-born-620.mp3,ddce9b9a71ebe1f0383821cb8c62b49fa1f2d449d4d9cdfa48f7bfe143fae373,
ROTATION,2,Baten Kaitos,baten-kaitos,216.163,tracks/baten-kaitos.mp3,mixkit-baten-kaitos-618.mp3,0433c1268537dc7f660b3a4f843325b4b31080a823cffd49c79a78344cd7c46a,
ROTATION,2,Dance Like Theres No Tomorrow,dance-like-theres-no-tomorrow,141.218,tracks/dance-like-theres-no-tomorrow.mp3,mixkit-dance-like-theres-no-tomorrow-1095.mp3,ca02557cc61b4c5fe1a3e4485e291e9705c62d97777b6df0ef7fcf7c4fcd774d,
ROTATION,2,Daredevil,daredevil,103.889,tracks/daredevil.mp3,mixkit-daredevil-80.mp3,a12ef6354e8e568d56e0862595daca6ca83fd6192afc11d17dacda505dcf7d31,mixkit-daredevil-80 (1).mp3
ROTATION,2,Deep Urban,deep-urban,288.731,tracks/deep-urban.mp3,mixkit-deep-urban-623.mp3,ac7e28f0cdd6c607df199c759f34ca66cfebd881ea61c26473fb4cecebe64fa8,
ROTATION,2,Goup The Wall,goup-the-wall,98.116,tracks/goup-the-wall.mp3,mixkit-goup-the-wall-1064.mp3,464734af476dc0954bedb13dcd17ec269c9e7accb8c8e029d5f8a91e0f4e29ed,mixkit-goup-the-wall-1064 (1).mp3
ROTATION,2,Happy Times,happy-times,100.101,tracks/happy-times.mp3,mixkit-happy-times-158.mp3,2b5bb1c0e47e765c77c97dbbbed420d3639f1643230cfc4aea3f26a116489bff,
ROTATION,2,House Fest,house-fest,135.552,tracks/house-fest.mp3,mixkit-house-fest-113.mp3,64cb7e63df01e1ad8ec4f8aaa3142f56a7b6f1df418573107bd9504435df215a,
ROTATION,2,I Do!,i-do,127.53,tracks/i-do.mp3,mixkit-i-do-1001.mp3,67471f51bf70588d841a7d800520a6e87113662c49b98b125f88690ee788aada,
ROTATION,2,Infected Mushroom Vibes,infected-mushroom-vibes,90.462,tracks/infected-mushroom-vibes.mp3,mixkit-infected-mushroom-vibes-136.mp3,bb63977d73d7f4ba277f506831e762afc4032b48a0f9e5e5f3b17d66e41519cf,mixkit-infected-mushroom-vibes-136 (1).mp3
ROTATION,2,It's A Cool Thing,its-a-cool-thing,108.513,tracks/its-a-cool-thing.mp3,mixkit-its-a-cool-thing-1164.mp3,ad00ff079c57efc1e24340ad3df69e32b19261adad0c51b542d10ac92ef61cd8,
ROTATION,2,Let's Move,lets-move,100.989,tracks/lets-move.mp3,mixkit-lets-move-836.mp3,c57f2d651fa3c6bdfe7b07f01e6a0e8e80b0b36ec33a95a59ca231d63036d7da,
ROTATION,2,Let's Paint the Town Red!,lets-paint-the-town-red,121.887,tracks/lets-paint-the-town-red.mp3,mixkit-lets-paint-the-town-red-1004.mp3,94265c9d5f49156b2e73f50e9025404333e06a7af7ea8a75b0e88fe4358f7b69,
ROTATION,2,Life Goes On,life-goes-on,106.371,tracks/life-goes-on.mp3,mixkit-life-goes-on-1105.mp3,c57ab8758110611d1ecab449c6c9885466584a4d96da2fc400a187dfae28a4a0,
ROTATION,2,Me And You,me-and-you,157.571,tracks/me-and-you.mp3,mixkit-me-and-you-851.mp3,630de9ab6da1108ed85cc56b3b0e344233f0a1c58054f618727c5572f0852b1b,
ROTATION,2,Minimal Techno 01,minimal-techno-01,123.69,tracks/minimal-techno-01.mp3,mixkit-minimal-techno-01-162.mp3,ba1c747e0e1ade47d474f3407985c74cac4671bf3e21805c25c2f8545ac74c2a,
ROTATION,2,Motivating Mornings,motivating-mornings,96.235,tracks/motivating-mornings.mp3,mixkit-motivating-mornings-33.mp3,9b433f0fa9f16f1dbc0a5fb374945eeb858d9441087eeadb540636622f056e86,
ROTATION,2,Nights With Ga,nights-with-ga,194.038,tracks/nights-with-ga.mp3,mixkit-nights-with-ga-581.mp3,fcc5930c0eaf8835c43f630dfcc2a6b25dea851046423b8608f738041c5df787,
ROTATION,2,Oh My Joe,oh-my-joe,98.508,tracks/oh-my-joe.mp3,mixkit-oh-my-joe-1151.mp3,487188f12724fcb7ac3105fd480a719497efd863d000af54a6865c882ae85f9a,mixkit-oh-my-joe-1151 (1).mp3
ROTATION,2,On Parole,on-parole,93.649,tracks/on-parole.mp3,mixkit-on-parole-1188.mp3,e7c43694422613dc3a0b8e2410b2ced86a8b8cc98c985f9aa4cec2ffcc926940,
ROTATION,2,Our Ups And Downs,our-ups-and-downs,130.116,tracks/our-ups-and-downs.mp3,mixkit-our-ups-and-downs-913.mp3,65ee68d4ba74ee414162268df6d564bdd2e0d18d50966c4ef3e589a07443d882,
ROTATION,2,Punked Up Fun,punked-up-fun,99.605,tracks/punked-up-fun.mp3,mixkit-punked-up-fun-47.mp3,1ce5643ec2bc6951250cf755e8722a7098e8f00dcea3eaf2b14b6e8fa37b3780,mixkit-punked-up-fun-47 (1).mp3
ROTATION,2,Razor Edge,razor-edge,104.072,tracks/razor-edge.mp3,mixkit-razor-edge-1280.mp3,1de644a6e68b0ccf2536cbf77c7d5e9cdcb30d48ea2b6b64a5ea0f4a73f8f92d,
ROTATION,2,Ride The Waves,ride-the-waves,113.998,tracks/ride-the-waves.mp3,mixkit-ride-the-waves-48.mp3,b6952d047e8a094a78ba83bda24fd8f84433b8351d7694476e539ffd5cbf5376,
ROTATION,2,Rising Forest,rising-forest,98.769,tracks/rising-forest.mp3,mixkit-rising-forest-471.mp3,4c2ebb1c5e7e9271eceb11ea13c7dbea64f207daefcc6cc12040b5f32f0cff1a,
ROTATION,2,Rought And Ready,rought-and-ready,109.845,tracks/rought-and-ready.mp3,mixkit-rought-and-ready-50.mp3,b9480bbeb6a8d73aca9ed56f1ccce1a08e1589a53b2c2b6816f77daa987b9ca9,mixkit-rought-and-ready-50 (1).mp3
ROTATION,2,Siren Song,siren-song,110.002,tracks/siren-song.mp3,mixkit-siren-song-1155.mp3,95f8e9c5f8d21c4143c9f01af47bc8984250903e9490ff047eac086e781f49a7,
ROTATION,2,Skeeomaver Sound,skeeomaver-sound,234.266,tracks/skeeomaver-sound.mp3,mixkit-skeeomaver-sound-629.mp3,f32efb592b3c071ed45d5b2de7310c4f1c61369bdc47584a38b658fdfa35f133,
ROTATION,2,Summer Dream,summer-dream,175.647,tracks/summer-dream.mp3,mixkit-summer-dream-628.mp3,0308ed9eef2d1f53321851b22e22b8b8eaa337701b482404c2dc4c492c93868c,
ROTATION,2,Surf's Up Dude,surfs-up-dude,90.149,tracks/surfs-up-dude.mp3,mixkit-surfs-up-dude-83.mp3,e7191e31c5dad5eb32764f5fe9aaf8aec284eb596ce18795646cf1cc2c933ccc,
ROTATION,2,Talent In The Air,talent-in-the-air,114.155,tracks/talent-in-the-air.mp3,mixkit-talent-in-the-air-473.mp3,29a93bdd8ff4ebfe1eff786eb788c0bcc8c82db2338690c5bceebb7aff8eb1e5,
ROTATION,2,Techno Fights,techno-fights,109.192,tracks/techno-fights.mp3,mixkit-techno-fights-171.mp3,f3bf8c66124775f29bf5d52b440f0671ee5fa66d99b7b94df0061a38e6f37a14,
ROTATION,2,The Root,the-root,102.583,tracks/the-root.mp3,mixkit-the-root-1157.mp3,e698c32d8f5fdd221727e8135ad7ecd51d4ba31ad45a1d221ad739266f6bf42b,mixkit-the-root-1157 (1).mp3
ROTATION,2,This Is Seeb Haus,this-is-seeb-haus,223.19,tracks/this-is-seeb-haus.mp3,mixkit-this-is-seeb-haus-631.mp3,432529d526b280849587c7f5f9c6f2eb61460f8f1c891da2c330a951fb9968a8,
ROTATION,2,Trance Party,trance-party,108.042,tracks/trance-party.mp3,mixkit-trance-party-166.mp3,8d485930cdc79bf0ed16653b819ecfbbb160a07f9688be1892fcb5733905c4f5,
REVIEW,1,21,21,99.605,tracks/21.mp3,mixkit-21-445.mp3,de135cf1b1d1e21cfbd476de6d6944e776ed0d3bd374c02cdab16ff03b9968c1,mixkit-21-445 (1).mp3
REVIEW,1,A Better Man,a-better-man,86.23,tracks/a-better-man.mp3,mixkit-a-better-man-980.mp3,f950d30b318d286f1305f11ac2fb25e937ace84fa6f4ac5061fab3e4be88e1b9,
REVIEW,1,A Strange Feeling,a-strange-feeling,108.513,tracks/a-strange-feeling.mp3,mixkit-a-strange-feeling-941.mp3,8c4736121df1cf3d5a93e62b1dd2637752cf4a4974b15e3a34b8749c75c32280,
REVIEW,1,Acid Party,acid-party,100.885,tracks/acid-party.mp3,mixkit-acid-party-420.mp3,543a2e9b09faf33d03801eaf7fde41fc55082e4cb228b6605e20192969bfefae,mixkit-acid-party-420 (1).mp3
REVIEW,1,Arab Nights,arab-nights,104.908,tracks/arab-nights.mp3,mixkit-arab-nights-460.mp3,f862978bdc732eba4859ce270fa01001b43d7e68373b9ee17197d56832dc9c04,
REVIEW,1,At Sixes And Sevens,at-sixes-and-sevens,101.094,tracks/at-sixes-and-sevens.mp3,mixkit-at-sixes-and-sevens-1129.mp3,bf403689d6a5d0d60a2b03ccd2142459c097fba5dc88a1c7131333a53531ee7e,
REVIEW,1,Baileys,baileys,97.306,tracks/baileys.mp3,mixkit-baileys-476.mp3,49db24f8f48ba7be4b8f77bc0264e62ca156f1b80ad93541718307b3b5d29df4,
REVIEW,1,Cbpd,cbpd,99.37,tracks/cbpd.mp3,mixkit-cbpd-400.mp3,75cd47d2ce88f7a665c31b10ba893d0327494d461b51ecb8776b1327cb117b39,
REVIEW,1,Christmas Night,christmas-night,129.646,tracks/christmas-night.mp3,mixkit-christmas-night-537.mp3,9971dad54ade387cfbb8eefe8f19612c5b5ac9e57ea37accea3937659e980ce0,mixkit-holiday-seasonal-4-511.mp3
REVIEW,1,Complicated,complicated,109.427,tracks/complicated.mp3,mixkit-complicated-281.mp3,f0ef745dcf71f9795f3d69126b3b112e2854083470a644a036afe9639d3e126f,
REVIEW,1,Dim The Lights,dim-the-lights,124.97,tracks/dim-the-lights.mp3,mixkit-dim-the-lights-97.mp3,9e0acb5ac5606d5ee81e9bab48a92ef696a1a7e7b4dc7655ddedd6228fa81539,
REVIEW,1,DJ Bs,dj-bs,102.583,tracks/dj-bs.mp3,mixkit-dj-bs-1172.mp3,bd9d17c239bbe7c6238afefcdc63030cea825e54207b3e02e6909cfdce91a9f4,
REVIEW,1,Dont Let Go,dont-let-go,154.593,tracks/dont-let-go.mp3,mixkit-dont-let-go-794.mp3,1bc933bedbe6273d0dd8e03bf39a06ed8d6b0362ecc83c6c5796032c005e94cf,
REVIEW,1,Dub Techno Groove,dub-techno-groove,101.544,tracks/dub-techno-groove.mp3,mixkit-dub-techno-groove-133.mp3,6c0ce7af5afa2e983340d74cda85e93b18a62d1af99ee5f2ebb42a5f7348a536,
REVIEW,1,Eyes In The Puddle,eyes-in-the-puddle,118.622,tracks/eyes-in-the-puddle.mp3,mixkit-eyes-in-the-puddle-257.mp3,ded1610d4265c60a334916b5c0d1aed02af2209429a808f436a8c1f3032d2752,
REVIEW,1,Find Me Outside,find-me-outside,96.679,tracks/find-me-outside.mp3,mixkit-find-me-outside-258.mp3,f40fbb5e4d01d67e961dc833c548b70777955319fc73019bd5fa041e8d679b0c,mixkit-find-me-outside-258 (1).mp3
REVIEW,1,Free Us,free-us,142.028,tracks/free-us.mp3,mixkit-free-us-1173.mp3,b6fd51c3b711a879fb99d7aedff5ae627865b682072fb074e5de05a7a76a50ab,
REVIEW,1,Golden Beach,golden-beach,100.624,tracks/golden-beach.mp3,mixkit-golden-beach-489.mp3,884a3e3f23939956fd3737ecc3e1b13b9657d37a19db8cacb2418782d2c9f88d,
REVIEW,1,Greed,greed,96.052,tracks/greed.mp3,mixkit-greed-404.mp3,c22069ac51b9a00e7e19070d57f552092787e511f40893cae9729681f688519d,
REVIEW,1,Head Bang,head-bang,97.358,tracks/head-bang.mp3,mixkit-head-bang-357.mp3,4848c50c2a472c7cb6fa63d1ce4f88259c309aab1c21edbb557b29394dcb3a38,mixkit-head-bang-357 (1).mp3
REVIEW,1,Hip Hop 02,hip-hop-02,115.017,tracks/hip-hop-02.mp3,mixkit-hip-hop-02-738.mp3,4b7bc45aedd38bf43e67d550177aeaafa367ec32a3a6498f8ffd9ec5132e268e,
REVIEW,1,Hip Hop 03,hip-hop-03,111.543,tracks/hip-hop-03.mp3,mixkit-hip-hop-03-739.mp3,2d4a21c9597b5e43fc62bb09b3329ce5705c0f4731f81cdb1095089deb84abfa,
REVIEW,1,Hooligans,hooligans,101.068,tracks/hooligans.mp3,mixkit-hooligans-998.mp3,76d236de20bad196cd79f2aece767bfe915b80feaf71e375221f29bc9f44ee91,
REVIEW,1,Im Talking About Love,im-talking-about-love,142.707,tracks/im-talking-about-love.mp3,mixkit-im-talking-about-love-1100.mp3,802199d5040460421fcd99bef988b2bed4fe3070bd93e7054c9e52003da9c24b,
REVIEW,1,Like A Loop Machine,like-a-loop-machine,129.332,tracks/like-a-loop-machine.mp3,mixkit-like-a-loop-machine-876.mp3,912ad6af128798ff4f4cde4be6ffbd462e1a49c33c16bdf27a4ec89a6711c648,
REVIEW,1,Minimal Emotion,minimal-emotion,120.085,tracks/minimal-emotion.mp3,mixkit-minimal-emotion-160.mp3,30a50d271d0ed8727fa3c637f1ca7abdb07f900d76cf6bdf5e0a3bb9b87a7020,
REVIEW,1,Molly Hip Hop Beat,molly-hip-hop-beat,99.37,tracks/molly-hip-hop-beat.mp3,mixkit-molly-hip-hop-beat-260.mp3,2f3bff81daefbc90c1612ffa71c6e19d0406a555eb129f6491b06b9700953fcc,mixkit-molly-hip-hop-beat-260 (1).mp3
REVIEW,1,Motivation Gets In The Way,motivation-gets-in-the-way,183.38,tracks/motivation-gets-in-the-way.mp3,mixkit-motivation-gets-in-the-way-519.mp3,20bd692b56d3256cb62c89b179d4fe7a6a3b65108124b7e705efa7401586351b,
REVIEW,1,Never Going Broke,never-going-broke,132.885,tracks/never-going-broke.mp3,mixkit-never-going-broke-301.mp3,5fdab8747a962986a7d770eabd431b715c68ca577eede8b99bc0c96e87025ee1,mixkit-never-going-broke-301 (1).mp3
REVIEW,1,OVO,ovo,99.527,tracks/ovo.mp3,mixkit-ovo-412.mp3,0bee1f6de05d673e67e145803449e2644479840d222708483e0026f6838c0c89,mixkit-ovo-412 (1).mp3
REVIEW,1,Party Robot,party-robot,163.5,tracks/party-robot.mp3,mixkit-party-robot-1254.mp3,3c0e573cd967363cb96d5cb5d14932c91c0d25bbe99b1267acd0bc172cb0acb6,
REVIEW,1,Perfect Stranger,perfect-stranger,120.072,tracks/perfect-stranger.mp3,mixkit-perfect-stranger-119.mp3,4904159a253fa5aa075dfe41f24891942fc7aa4058a7158fd14d5609e74ae1d3,
REVIEW,1,Playboi,playboi,97.332,tracks/playboi.mp3,mixkit-playboi-452.mp3,d2ed8cd7876179a6cca32c8f6a12b4cb8529dd9030e079c37124b113001b551c,
REVIEW,1,Pop One,pop-one,129.776,tracks/pop-one.mp3,mixkit-pop-one-664.mp3,37fcc00c82f420ec2767ebb511a38fb51628df772b622499a1de5b5e266018f2,
REVIEW,1,Praise The Lord,praise-the-lord,99.474,tracks/praise-the-lord.mp3,mixkit-praise-the-lord-262.mp3,4ec6ae3b224ba3b3b1f47f4f364542184aad9446384d1325642277439d10b127,
REVIEW,1,Remember Me,remember-me,102.452,tracks/remember-me.mp3,mixkit-remember-me-375.mp3,83afc3044b9dfe016ed3d47fcdaefdfb227d1d22fb0e2863848527f33a7f9406,mixkit-remember-me-375 (1).mp3
REVIEW,1,RNB,rnb,115.278,tracks/rnb.mp3,mixkit-rnb-224.mp3,fb7c5bf3f40f3b49a5187386e6f38dc3e17c2423df54a507ca3e0c3b75d1933b,
REVIEW,1,Shes A Thief,shes-a-thief,130.429,tracks/shes-a-thief.mp3,mixkit-shes-a-thief-1041.mp3,4ca9131cceedb7408a601f3f765899b2bb314d9f0e5c7f2c9a9ebbf9b5698301,
REVIEW,1,Sweet September,sweet-september,98.743,tracks/sweet-september.mp3,mixkit-sweet-september-282.mp3,6ad6db61c4c9018cb9dfc99ed5c3b72f3143d3a5db31920e4f1f6b01d2f1b4a1,
REVIEW,1,Techno Fest Feel,techno-fest-feel,114.36,tracks/techno-fest-feel.mp3,mixkit-techno-fest-feel-125.mp3,da8a8c14426f1b7816ad5ee3d660324c9c8cabb7d17f9f9e5c38b2fbcc88a253,
REVIEW,1,Thunder,thunder,101.277,tracks/thunder.mp3,mixkit-thunder-318.mp3,a19b06b5e93305d0fadb3080c4e2556bffd9ae647149a5e81ab3aced0d03b881,mixkit-thunder-318 (1).mp3
REVIEW,1,Trap,trap,107.442,tracks/trap.mp3,mixkit-trap-305.mp3,b6ac5df39e88dcff48b5ce430ea72d8005ea20fc3866e36665de1d7a3066af07,mixkit-trap-305 (1).mp3
REVIEW,1,Trap Hamza,trap-hamza,104.777,tracks/trap-hamza.mp3,mixkit-trap-hamza-267.mp3,fee2b1db0bef29ae319749016833f5593006c65f4f310e805b9aff3fd4531e36,
REVIEW,1,Trapanomics,trapanomics,96.078,tracks/trapanomics.mp3,mixkit-trapanomics-283.mp3,03dfcca350e246008d4c94162fe33b376e266cd954fbaa982b28493bd45cdf97,
REVIEW,1,Traveling Along,traveling-along,100.153,tracks/traveling-along.mp3,mixkit-traveling-along-94.mp3,694660ac28f72493925bbe9197d8d388f0728474e591ec2ed4a9e719ad6b628b,
REVIEW,1,Uplift Me,uplift-me,105.3,tracks/uplift-me.mp3,mixkit-uplift-me-35.mp3,8b01b31bf6d38365ba8f4fc6e2ee36743a22cdd4a171b2b6929334167415b5d7,
REVIEW,1,Waka Floka Type,waka-floka-type,103.445,tracks/waka-floka-type.mp3,mixkit-waka-floka-type-364.mp3,5454288d749faeb2c013e7a31079afd43ec465424b69efa01deb95408592cf10,mixkit-waka-floka-type-364 (1).mp3
REVIEW,1,Whoop Yo A Boy,whoop-yo-a-boy,123.376,tracks/whoop-yo-a-boy.mp3,mixkit-whoop-yo-a-boy-1082.mp3,c2a39eea019627e1c967c5a1f14d3e89fb314885b4ac51529e96747e466a71de,mixkit-whoop-yo-a-boy-1082 (1).mp3
REVIEW,1,Young Trizzy,young-trizzy,99.5,tracks/young-trizzy.mp3,mixkit-young-trizzy-416.mp3,29c8950fecb2d7ebf5bf0dba45ed9621b2741e23629af3385f5d74b18162e36d,
REVIEW,1,Young Trizzy 02,young-trizzy-02,97.019,tracks/young-trizzy-02.mp3,mixkit-young-trizzy-02-431.mp3,c4289edaa3a7e9a228a27321809e379c03816f5edc355f435c1f9399aa378956,
